{"count":1,"gauges":{"3DBall.CumulativeReward":{"count":120,"max":99.99905,"min":99.99905,"value":99.99905,"weightedAverage":99.99905}},"self":1029.0312192,"total":1051.83527,"children":{"AgentSendState":{"count":52526,"self":2.088212,"total":3.0529539999999997,"children":{"CollectObservations":{"count":126072,"self":0.656905,"total":0.656905,"children":null},"CollectDiscreteActionMasks":{"count":126072,"self":0.30783699999999997,"total":0.30783699999999997,"children":null}}},"DecideAction":{"count":52526,"self":17.5999488,"total":17.599947999999998,"children":null},"AgentAct":{"count":52526,"self":2.149861,"total":2.149861,"children":null}}}