{"count":1,"gauges":{"My Behavior.CumulativeReward":{"count":406,"max":0.998,"min":0.892999947,"value":0.994,"weightedAverage":0.9937389}},"self":16.7075776,"total":17.383938999999998,"children":{"AgentSendState":{"count":843,"self":0.055118,"total":0.080218,"children":{"CollectObservations":{"count":3380,"self":0.016139999999999998,"total":0.016139999999999998,"children":null},"CollectDiscreteActionMasks":{"count":3380,"self":0.00896,"total":0.00896,"children":null}}},"DecideAction":{"count":843,"self":0.57408399999999993,"total":0.57408399999999993,"children":null},"AgentAct":{"count":843,"self":0.020701999999999998,"total":0.020701999999999998,"children":null}}}