{"count":1,"gauges":{"Mummy.CumulativeReward":{"count":24,"max":1,"min":0.912,"value":0.972,"weightedAverage":0.954758942}},"self":10.9778592,"total":11.257589999999999,"children":{"AgentSendState":{"count":539,"self":0.035011,"total":0.050706,"children":{"CollectObservations":{"count":2160,"self":0.010254,"total":0.010254,"children":null},"CollectDiscreteActionMasks":{"count":2160,"self":0.005441,"total":0.005441,"children":null}}},"DecideAction":{"count":539,"self":0.213673,"total":0.213673,"children":null},"AgentAct":{"count":539,"self":0.013862999999999999,"total":0.013862999999999999,"children":null}}}